﻿<?xml version="1.0" encoding="UTF-8"?>
<SimpleDarwinRecordSet
 xmlns="http://rs.tdwg.org/dwc/xsd/simpledarwincore/"
 xmlns:dc="http://purl.org/dc/terms/"
 xmlns:dwc="http://rs.tdwg.org/dwc/terms/"
 xmlns:xsi="http://www.w3.org/2001/XMLSchema-instance"
 xsi:schemaLocation="http://rs.tdwg.org/dwc/xsd/simpledarwincore/ ../../xsd/tdwg_dwc_simple.xsd">

<!-- In practice the schema location should be the following. The above was to -->
<!-- allow the resolution of the namespace in a self contained package with the documentation. -->
<!--  xsi:schemaLocation="http://rs.tdwg.org/dwc/dwcrecord/ http://rs.tdwg.org/dwc/xsd/tdwg_dwc_simple.xsd"> -->
 <SimpleDarwinRecord>
  <dc:type>PhysicalObject</dc:type>
  <dc:modified>2009-02-12T14:22:00Z</dc:modified>
  <dc:language>en</dc:language>
  <dc:license>http://creativecommons.org/publicdomain/zero/1.0/legalcode</dc:license>
  <dc:rightsHolder>Museum of Vertebrate Zoology, UC Berkeley</dc:rightsHolder>
  <dc:accessRights>http://www.vertnet.org/resources/norms.html</dc:accessRights>
  <dc:bibliographicCitation xsi:nil="true"/>
  <dc:references>http://arctos.database.museum/guid/MVZ:Mamm:165861</dc:references>
  <dwc:institutionID>http://biocol.org/urn:lsid:biocol.org:col:34777</dwc:institutionID>
  <dwc:collectionID>http://grbio.org/cool/0rht-pj95</dwc:collectionID>
  <dwc:datasetID xsi:nil="true"/>
  <dwc:institutionCode>MVZ</dwc:institutionCode>
  <dwc:collectionCode>Mammals</dwc:collectionCode>
  <dwc:datasetName xsi:nil="true"/>
  <dwc:ownerInstitutionCode xsi:nil="true"/>
  <dwc:basisOfRecord>PreservedSpecimen</dwc:basisOfRecord>
  <dwc:informationWithheld xsi:nil="true"/>
  <dwc:dataGeneralizations xsi:nil="true"/>
  <dwc:dynamicProperties>{'tragusLengthInMeters':'0.014', 'weightInGrams':'120', 'zygomaticArchWidthInMeters':'0.043'}</dwc:dynamicProperties>
  <dwc:occurrenceID>urn:occurrence:Arctos:MVZ:Mamm:165861:101356</dwc:occurrenceID>
  <dwc:catalogNumber>165861</dwc:catalogNumber>
  <dwc:recordNumber>OPP 7101</dwc:recordNumber>
  <dwc:recordedBy>Oliver P. Pearson | Anita K. Pearson</dwc:recordedBy>
  <dwc:individualCount>1</dwc:individualCount>
  <dwc:sex>female</dwc:sex>
  <dwc:lifeStage>adult</dwc:lifeStage>
  <dwc:reproductiveCondition>non-reproductive</dwc:reproductiveCondition>
  <dwc:behavior xsi:nil="true"/>
  <dwc:establishmentMeans>native</dwc:establishmentMeans>
  <dwc:occurrenceStatus xsi:nil="true"/>
  <dwc:preparations>skull | study skin | skeleton</dwc:preparations>
  <dwc:disposition>in collection</dwc:disposition>
  <dwc:associatedMedia>http://arctos.database.museum/SpecimenImages/UAMObs/Mamm/2/P7291179.JPG</dwc:associatedMedia>
  <dwc:associatedReferences>http://www.sciencemag.org/cgi/content/abstract/322/5899/261</dwc:associatedReferences>
  <dwc:associatedSequences>GenBank: U34853.1</dwc:associatedSequences>
  <dwc:associatedTaxa xsi:nil="true"/>
  <dwc:otherCatalogNumbers xsi:nil="true"/>
  <dwc:occurrenceRemarks xsi:nil="true"/>
  <dwc:organismID>http://arctos.database.museum/guid/MVZ:Mamm:165861</dwc:organismID>
  <dwc:organismName xsi:nil="true"/>
  <dwc:organismScope xsi:nil="true"/>
  <dwc:associatedOccurrences xsi:nil="true"/>
  <dwc:associatedOrganisms xsi:nil="true"/>
  <dwc:previousIdentifications>Ctenomys sociabilis (accepted ID) identified by Oliver P. Pearson on 1999-01-27; method: type specimen | Ctenomys sociabilis identified by Oliver P. Pearson on 1985 sensu Pearson 1985; method: type specimen Remark: ID from citation in Pearson 1985."</dwc:previousIdentifications>
  <dwc:organismRemarks xsi:nil="true"/>
  <dwc:eventID xsi:nil="true"/>
  <dwc:fieldNumber xsi:nil="true"/>
  <dwc:eventDate>1983-11-16</dwc:eventDate>
  <dwc:eventTime>14:07-03:00</dwc:eventTime>
  <dwc:startDayOfYear>315</dwc:startDayOfYear>
  <dwc:endDayOfYear>315</dwc:endDayOfYear>
  <dwc:year>1983</dwc:year>
  <dwc:month>11</dwc:month>
  <dwc:day>16</dwc:day>
  <dwc:verbatimEventDate>Nov. 11 '83</dwc:verbatimEventDate>
  <dwc:habitat>pre-cordilleran steppe</dwc:habitat>
  <dwc:samplingProtocol>snap trap</dwc:samplingProtocol>
  <dwc:samplingEffort>4 trap hours</dwc:samplingEffort>
  <dwc:fieldNotes>stored in Grinnell-Miller Library</dwc:fieldNotes>
  <dwc:eventRemarks>particularly dry season</dwc:eventRemarks>
  <dwc:locationID xsi:nil="true"/>
  <dwc:higherGeographyID>urn:location:TGN:1001450</dwc:higherGeographyID>
  <dwc:higherGeography>South America | Argentina | Parque Nacional Nahuel Huapi | Neuquén | Los Lagos</dwc:higherGeography>
  <dwc:continent>South America</dwc:continent>
  <dwc:waterbody xsi:nil="true"/>
  <dwc:islandGroup xsi:nil="true"/>
  <dwc:island xsi:nil="true"/>
  <dwc:country>Argentina</dwc:country>
  <dwc:countryCode>AR</dwc:countryCode>
  <dwc:stateProvince>Neuquén</dwc:stateProvince>
  <dwc:county>Los Lagos</dwc:county>
  <dwc:municipality xsi:nil="true"/>
  <dwc:locality>Estancia Fortin Chacabuco, 3 km S and 2 km W Cerro Puntudo</dwc:locality>
  <dwc:verbatimLocality>Estancia Fortin Chacabuco, 3 km S and 2 km W Co. Puntudo</dwc:verbatimLocality>
  <dwc:minimumElevationInMeters>1070</dwc:minimumElevationInMeters>
  <dwc:maximumElevationInMeters>1080</dwc:maximumElevationInMeters>
  <dwc:verbatimElevation>1075m</dwc:verbatimElevation>
  <dwc:minimumDepthInMeters xsi:nil="true"/>
  <dwc:maximumDepthInMeters xsi:nil="true"/>
  <dwc:verbatimDepth xsi:nil="true"/>
  <dwc:minimumDistanceAboveSurfaceInMeters xsi:nil="true"/>
  <dwc:maximumDistanceAboveSurfaceInMeters xsi:nil="true"/>
  <dwc:locationAccordingTo xsi:nil="true"/>
  <dwc:locationRemarks>The colony was just N of the fence and just E of the stream according to Michael Christie, who verified on Google Earth (about 40. 58' 06 to 07" and 71. 11' 30 to 31").</dwc:locationRemarks>
  <dwc:decimalLatitude>-40.9684722</dwc:decimalLatitude>
  <dwc:decimalLongitude>-71.1918056</dwc:decimalLongitude>
  <dwc:geodeticDatum>EPSG:4326</dwc:geodeticDatum>
  <dwc:coordinateUncertaintyInMeters>7</dwc:coordinateUncertaintyInMeters>
  <dwc:coordinatePrecision>0.0000001</dwc:coordinatePrecision>
  <dwc:pointRadiusSpatialFit>1</dwc:pointRadiusSpatialFit>
  <dwc:verbatimCoordinates>-40.9684722/-71.1918056</dwc:verbatimCoordinates>
  <dwc:verbatimLatitude>-40.9684722</dwc:verbatimLatitude>
  <dwc:verbatimLongitude>-71.1918056</dwc:verbatimLongitude>
  <dwc:verbatimCoordinateSystem>decimal degrees</dwc:verbatimCoordinateSystem>
  <dwc:verbatimSRS>WGS84</dwc:verbatimSRS>
  <dwc:footprintWKT xsi:nil="true"/>
  <dwc:footprintSRS xsi:nil="true"/>
  <dwc:footprintSpatialFit xsi:nil="true"/>
  <dwc:georeferencedBy>John Wieczorek (MVZ)</dwc:georeferencedBy>
  <dwc:georeferencedDate>2011-11-18</dwc:georeferencedDate>
  <dwc:georeferenceProtocol>Guide to Best Practices for Georeferencing. (Chapman and Wieczorek, eds. 2006). Global Biodiversity Information Facility.</dwc:georeferenceProtocol>
  <dwc:georeferenceSources>Garmin Etrex Summit GPS</dwc:georeferenceSources>
  <dwc:georeferenceVerificationStatus>verified by collector</dwc:georeferenceVerificationStatus>
  <dwc:georeferenceRemarks>coordinate uncertainty determined by GPS accuracy reading at the time the waypoint was recorded</dwc:georeferenceRemarks>
  <dwc:geologicalContextID xsi:nil="true"/>
  <dwc:earliestEonOrLowestEonothem>Phanerozoic</dwc:earliestEonOrLowestEonothem>
  <dwc:latestEonOrHighestEonothem>Phanerozoic</dwc:latestEonOrHighestEonothem>
  <dwc:earliestEraOrLowestErathem>Cenozoic</dwc:earliestEraOrLowestErathem>
  <dwc:latestEraOrHighestErathem>Cenozoic</dwc:latestEraOrHighestErathem>
  <dwc:earliestPeriodOrLowestSystem>Quaternary</dwc:earliestPeriodOrLowestSystem>
  <dwc:latestPeriodOrHighestSystem>Quaternary</dwc:latestPeriodOrHighestSystem>
  <dwc:earliestEpochOrLowestSeries>Holocene</dwc:earliestEpochOrLowestSeries>
  <dwc:latestEpochOrHighestSeries>Holocene</dwc:latestEpochOrHighestSeries>
  <dwc:earliestAgeOrLowestStage>Atlantic</dwc:earliestAgeOrLowestStage>
  <dwc:latestAgeOrHighestStage>Atlantic</dwc:latestAgeOrHighestStage>
  <dwc:lowestBiostratigraphicZone xsi:nil="true"/>
  <dwc:highestBiostratigraphicZone xsi:nil="true"/>
  <dwc:lithostratigraphicTerms xsi:nil="true"/>
  <dwc:group xsi:nil="true"/>
  <dwc:formation xsi:nil="true"/>
  <dwc:bed xsi:nil="true"/>
  <dwc:identificationID xsi:nil="true"/>
  <dwc:identificationQualifier xsi:nil="true"/>
  <dwc:typeStatus>holotype</dwc:typeStatus>
  <dwc:identifiedBy>Oliver P. Pearson</dwc:identifiedBy>
  <dwc:dateIdentified>1999-01-27</dwc:dateIdentified>
  <dwc:identificationReferences xsi:nil="true"/>
  <dwc:identificationVerificationStatus>type specimen</dwc:identificationVerificationStatus>
  <dwc:identificationRemarks xsi:nil="true"/>
  <dwc:taxonID xsi:nil="true"/>
  <dwc:scientificNameID xsi:nil="true"/>
  <dwc:acceptedNameUsageID xsi:nil="true"/>
  <dwc:parentNameUsageID xsi:nil="true"/>
  <dwc:originalNameUsageID xsi:nil="true"/>
  <dwc:nameAccordingToID xsi:nil="true"/>
  <dwc:namePublishedInID xsi:nil="true"/>
  <dwc:taxonConceptID xsi:nil="true"/>
  <dwc:scientificName>Ctenomys sociabilis</dwc:scientificName>
  <dwc:acceptedNameUsage>Ctenomys sociabilis Pearson and Christie, 1985</dwc:acceptedNameUsage>
  <dwc:parentNameUsage>Ctenomys Blainville, 1826</dwc:parentNameUsage>
  <dwc:originalNameUsage>Ctenomys sociabilis Pearson and Christie, 1985</dwc:originalNameUsage>
  <dwc:nameAccordingTo>Pearson O. P., and M. I. Christie. 1985.</dwc:nameAccordingTo>
  <dwc:namePublishedIn>Pearson O. P., and M. I. Christie. 1985. Historia Natural, 5(37):388</dwc:namePublishedIn>
  <dwc:namePublishedInYear>1985</dwc:namePublishedInYear>
  <dwc:higherClassification>Animalia | Chordata | Vertebrata | Mammalia | Theria | Eutheria | Rodentia | Hystricognatha | Hystricognathi | Ctenomyidae | Ctenomyini | Ctenomys</dwc:higherClassification>
  <dwc:kingdom>Animalia</dwc:kingdom>
  <dwc:phylum>Chordata</dwc:phylum>
  <dwc:class>Mammalia</dwc:class>
  <dwc:order>Rodentia</dwc:order>
  <dwc:family>Ctenomyidae</dwc:family>
  <dwc:genus>Ctenomys</dwc:genus>
  <dwc:subgenus xsi:nil="true"/>
  <dwc:specificEpithet>sociabilis</dwc:specificEpithet>
  <dwc:infraspecificEpithet xsi:nil="true"/>
  <dwc:taxonRank>species</dwc:taxonRank>
  <dwc:verbatimTaxonRank xsi:nil="true"/>
  <dwc:scientificNameAuthorship>Pearson and Christie, 1985</dwc:scientificNameAuthorship>
  <dwc:vernacularName>colonial tuco-tuco</dwc:vernacularName>
  <dwc:nomenclaturalCode>ICZN</dwc:nomenclaturalCode>
  <dwc:taxonomicStatus>valid</dwc:taxonomicStatus>
  <dwc:nomenclaturalStatus xsi:nil="true"/>
  <dwc:taxonRemarks xsi:nil="true"/>
 </SimpleDarwinRecord>
</SimpleDarwinRecordSet>
