﻿<?xml version="1.0"?>
<dwr:DarwinRecordSet
    xmlns:xsi="http://www.w3.org/2001/XMLSchema-instance"
    xsi:schemaLocation="http://rs.tdwg.org/dwc/dwcrecord/  ../../xsd/tdwg_dwc_classes.xsd"
    xmlns:dcterms="http://purl.org/dc/terms/"
    xmlns:dwc="http://rs.tdwg.org/dwc/terms/"
    xmlns:dwr="http://rs.tdwg.org/dwc/dwcrecord/">
    <dcterms:Location>
        <dwc:locationID>http://guid.mvz.org/sites/arg/127</dwc:locationID>
        <dwc:country>Argentina</dwc:country>
        <dwc:countryCode>AR</dwc:countryCode>
        <dwc:stateProvince>Neuquén</dwc:stateProvince>
        <dwc:locality>25 km al NNE de Bariloche por Ruta 40 (=237)</dwc:locality>
    </dcterms:Location>
    <dwc:Event>
        <dwc:eventID>http://guid.mvz.org/events/1995/6</dwc:eventID>
        <dwc:eventDate>1995-01-12T00:00:00</dwc:eventDate>
        <dwc:startDayOfYear>12</dwc:startDayOfYear>
        <dwc:endDayOfYear>12</dwc:endDayOfYear>
        <dwc:year>1995</dwc:year>
        <dwc:month>--01</dwc:month>
        <dwc:day>---12</dwc:day>
        <dwc:verbatimEventDate>12 Jan 1995</dwc:verbatimEventDate>
        <dwc:habitat>mallín</dwc:habitat>
        <dwc:fieldNotes>on file in the Grinnell-Miller Library</dwc:fieldNotes>
        <dwc:locationID>http://guid.mvz.org/sites/arg/127</dwc:locationID>
    </dwc:Event>
    <dwc:Occurrence>
        <dcterms:type>PhysicalObject</dcterms:type>
        <dcterms:modified>2009-02-12T12:43:31</dcterms:modified>
        <dcterms:rightsHolder>Museum of Vertebrate Zoology</dcterms:rightsHolder>
        <dcterms:rights>Creative Commons License</dcterms:rights>
        <dwc:institutionCode>MVZ</dwc:institutionCode>
        <dwc:collectionCode>Mammals</dwc:collectionCode>
        <dwc:occurrenceID>urn:catalog:MVZ:Mammals:14523</dwc:occurrenceID>
        <dwc:basisOfRecord>PreservedSpecimen</dwc:basisOfRecord>
        <dwc:eventID>http://guid.mvz.org/events/1995/6</dwc:eventID>
    </dwc:Occurrence>
    <dwc:Identification>
      <dwc:identificationID>http://guid.mvz.org/identifications/23459</dwc:identificationID>
      <dwc:identifiedBy>Richard Sage</dwc:identifiedBy>
      <dwc:dateIdentified>2000-01-01T00:00:00</dwc:dateIdentified>
      <dwc:identificationQualifier>sp.</dwc:identificationQualifier>
      <dwc:occurrenceID>urn:catalog:MVZ:Mammals:14523</dwc:occurrenceID>
    </dwc:Identification>
    <dwc:Taxon>
      <dwc:scientificName>Ctenomys</dwc:scientificName>
      <dwc:genus>Ctenomys</dwc:genus>
      <dwc:identificationID>http://guid.mvz.org/identifications/23459</dwc:identificationID>
    </dwc:Taxon>
    <dwc:Identification>
      <dwc:identificationID>http://guid.mvz.org/identifications/94752</dwc:identificationID>
      <dwc:identifiedBy>James L Patton</dwc:identifiedBy>
      <dwc:dateIdentified>2001-09-14T00:00:00</dwc:dateIdentified>
      <dwc:occurrenceID>urn:catalog:MVZ:Mammals:14523</dwc:occurrenceID>
    </dwc:Identification>
    <dwc:Taxon>
      <dwc:scientificName>Ctenomys sociabilis</dwc:scientificName>
      <dwc:higherClassification>Animalia; Chordata; Vertebrata; Mammalia; Theria; Eutheria; Rodentia; Hystricognatha; Hystricognathi; Ctenomyidae; Ctenomyini; Ctenomys</dwc:higherClassification>
      <dwc:kingdom>Animalia</dwc:kingdom>
      <dwc:phylum>Chordata</dwc:phylum>
      <dwc:class>Mammalia</dwc:class>
      <dwc:order>Rodentia</dwc:order>
      <dwc:family>Ctenomyidae</dwc:family>
      <dwc:genus>Ctenomys</dwc:genus>
      <dwc:specificEpithet>sociabilis</dwc:specificEpithet>
      <dwc:identificationID>http://guid.mvz.org/identifications/94752</dwc:identificationID>
    </dwc:Taxon>
    <dwc:Occurrence>
        <dcterms:type>PhysicalObject</dcterms:type>
        <dcterms:modified>2009-02-12T12:43:31</dcterms:modified>
        <dcterms:rightsHolder>Museum of Vertebrate Zoology</dcterms:rightsHolder>
        <dcterms:rights>Creative Commons License</dcterms:rights>
        <dwc:institutionCode>MVZ</dwc:institutionCode>
        <dwc:collectionCode>Mammals</dwc:collectionCode>
        <dwc:occurrenceID>urn:catalog:MVZ:Mammals:14524</dwc:occurrenceID>
        <dwc:basisOfRecord>PreservedSpecimen</dwc:basisOfRecord>
        <dwc:eventID>http://guid.mvz.org/events/1995/6</dwc:eventID>
    </dwc:Occurrence>
    <dwc:Identification>
      <dwc:identificationID>http://guid.mvz.org/identifications/94753</dwc:identificationID>
      <dwc:identifiedBy>James L Patton</dwc:identifiedBy>
      <dwc:dateIdentified>2001-09-14T00:00:00</dwc:dateIdentified>
      <dwc:occurrenceID>urn:catalog:MVZ:Mammals:14524</dwc:occurrenceID>
    </dwc:Identification>
    <dwc:Taxon>
      <dwc:scientificName>Ctenomys sociabilis</dwc:scientificName>
      <dwc:higherClassification>Animalia; Chordata; Vertebrata; Mammalia; Theria; Eutheria; Rodentia; Hystricognatha; Hystricognathi; Ctenomyidae; Ctenomyini; Ctenomys</dwc:higherClassification>
      <dwc:kingdom>Animalia</dwc:kingdom>
      <dwc:phylum>Chordata</dwc:phylum>
      <dwc:class>Mammalia</dwc:class>
      <dwc:order>Rodentia</dwc:order>
      <dwc:family>Ctenomyidae</dwc:family>
      <dwc:genus>Ctenomys</dwc:genus>
      <dwc:specificEpithet>sociabilis</dwc:specificEpithet>
      <dwc:identificationID>http://guid.mvz.org/identifications/94753</dwc:identificationID>
    </dwc:Taxon>
    <dwc:ResourceRelationship>
        <dwc:resourceRelationshipID>http://guid.mvz.org/relations/23423</dwc:resourceRelationshipID>
        <dwc:resourceID>urn:catalog:MVZ:Mammals:14523</dwc:resourceID>
        <dwc:relatedResourceID>urn:catalog:MVZ:Mammals:14524</dwc:relatedResourceID>
        <dwc:relationshipOfResource>offspring of</dwc:relationshipOfResource>
    </dwc:ResourceRelationship>
    <dwc:ResourceRelationship>
        <dwc:resourceRelationshipID>http://guid.mvz.org/relations/23424</dwc:resourceRelationshipID>
        <dwc:resourceID>urn:catalog:MVZ:Mammals:14524</dwc:resourceID>
        <dwc:relatedResourceID>urn:catalog:MVZ:Mammals:14523</dwc:relatedResourceID>
        <dwc:relationshipOfResource>mother of</dwc:relationshipOfResource>
    </dwc:ResourceRelationship>
</dwr:DarwinRecordSet>