<?xml version="1.0" encoding="UTF-8"?>
<SimpleDarwinRecordSet
 xmlns="http://rs.tdwg.org/dwc/dwcrecord/"
 xmlns:dc="http://purl.org/dc/terms/"
 xmlns:dwc="http://rs.tdwg.org/dwc/terms/"
 xmlns:xsi="http://www.w3.org/2001/XMLSchema-instance"
 xsi:schemaLocation="http://rs.tdwg.org/dwc/dwcrecord/ http://rs.tdwg.org/dwc/xsd/tdwg_dwc_simple.xsd">
 <SimpleDarwinRecord>
  <dwc:occurrenceID>urn:catalog:YPM:VP.057488</dwc:occurrenceID>
  <dc:type>Occurrence</dc:type>
  <dc:modified>2009-02-12T14:22Z</dc:modified>
  <dc:language>en</dc:language>
  <dwc:basisOfRecord>FossilSpecimen</dwc:basisOfRecord>
  <dwc:institutionCode>YPM</dwc:institutionCode>
  <dwc:collectionCode>VP</dwc:collectionCode>
  <dwc:catalogNumber>VP.057488</dwc:catalogNumber>
  <dwc:individualCount>1</dwc:individualCount>
  <dwc:locationID xsi:nil="true"/>
  <dwc:continent>North America</dwc:continent>
  <dwc:country>United States</dwc:country>
  <dwc:countryCode>US</dwc:countryCode>
  <dwc:stateProvince>Montana</dwc:stateProvince>
  <dwc:county>Garfield</dwc:county>
  <dwc:scientificName>Tyrannosourus rex</dwc:scientificName>
  <dwc:genus>Tyrannosourus</dwc:genus>
  <dwc:specificEpithet>rex</dwc:specificEpithet>
  <dwc:dynamicProperties>latestPeriodOrHighestSystem=Cretaceous; latestEonOrHighestEonothem=Late Cretaceous</dwc:dynamicProperties>
 </SimpleDarwinRecord>
</SimpleDarwinRecordSet>
