<?xml version="1.0" encoding="UTF-8"?>
<DarwinRecordSet
 xmlns="http://rs.tdwg.org/dwc/dwcrecord/"
 xmlns:dc="http://purl.org/dc/terms/"
 xmlns:dwc="http://rs.tdwg.org/dwc/terms/"
 xmlns:xsi="http://www.w3.org/2001/XMLSchema-instance"
 xsi:schemaLocation="http://rs.tdwg.org/dwc/dwcrecord/ http://darwincore.googlecode.com/svn/trunk/xsd/tdwg_dwcrec_classes.xsd">
 <dwc:Sample>
  <dwc:SampleID>12345678</dwc:SampleID>
  <dwc:TaxonID>5432-fc43-432</dwc:TaxonID>
  <dwc:CatalogNumber>cgbers-xydw786</dwc:CatalogNumber>
  <dc:modified>2001-03-21</dc:modified>
 </dwc:Sample>
 
 <dwc:Taxon>
  <dwc:TaxonID>5432-fc43-432</dwc:TaxonID>
  <dwc:ScientificName>Robertsonus timmus</dwc:ScientificName>
  <dc:modified>1978-06-11</dc:modified>
 </dwc:Taxon>
 
</DarwinRecordSet>
