﻿<?xml version="1.0" encoding="UTF-8"?>
<archive xmlns="http://rs.tdwg.org/dwc/text/"
	fileRoot="http://data.gbif.org/download/"
	xmlns:xsi="http://www.w3.org/2001/XMLSchema-instance"
	xmlns:xs="http://www.w3.org/2001/XMLSchema"
	xsi:schemaLocation="http://rs.tdwg.org/dwc/text/ ../../text/tdwg_dwc_text.xsd"
	>
	
	<!-- 
             This metafile defines the structure of a gzip-archived csv text document 
             containing all Simple Darwin Core terms
             in a header row in the file matching the order presented below and  
             having fields separated by commas, 
             lines terminated with the new line character, 
             with optional double quote around field content, and 
             in the utf8 character encoding
             to be found in the file called occurrence-search-123255244678924570.zip
             at the address http://data.gbif.org/download/.
	-->
	<file 
		rowType="http://rs.tdwg.org/dwc/terms/text/DarwinRecord"
		location="occurrence-search-123255244678924570.zip"
		fieldsTerminatedBy=","
		linesTerminatedBy="\n"
		fieldsEnclosedBy="&quot;"
		compression="GZIP" 
		encoding="UTF-8"
		ignoreHeaderLines="1">

<field index="1" term="http://purl.org/dc/terms/type" type="xs:string"/>
<field index="2" term="http://purl.org/dc/terms/modified" type="xs:dateTime"/>
<field index="3" term="http://purl.org/dc/terms/language" type="xs:string"/>
<field index="4" term="http://purl.org/dc/terms/rights" type="xs:string"/>
<field index="5" term="http://purl.org/dc/terms/rightsHolder" type="xs:string"/>
<field index="6" term="http://purl.org/dc/terms/accessRights" type="xs:string"/>
<field index="7" term="http://purl.org/dc/terms/bibliographicCitation" type="xs:string"/>
<field index="8" term="http://rs.tdwg.org/dwc/terms/basisOfRecord" type="xs:string"/>
<field index="9" term="http://rs.tdwg.org/dwc/terms/informationWithheld" type="xs:string"/>
<field index="10" term="http://rs.tdwg.org/dwc/terms/dataGeneralizations" type="xs:string"/>
<field index="11" term="http://rs.tdwg.org/dwc/terms/dynamciProperties" type="xs:string"/>

<field index="12" term="http://rs.tdwg.org/dwc/terms/datasetID" type="xs:string"/>

<field index="12" term="http://rs.tdwg.org/dwc/terms/occurrenceID" type="xs:string"/>
<field index="13" term="http://rs.tdwg.org/dwc/terms/institutionCode" type="xs:string"/>
<field index="14" term="http://rs.tdwg.org/dwc/terms/collectionCode" type="xs:string"/>
<field index="15" term="http://rs.tdwg.org/dwc/terms/collectionID" type="xs:string"/>
<field index="16" term="http://rs.tdwg.org/dwc/terms/catalogNumber" type="xs:string"/>
<field index="17" term="http://rs.tdwg.org/dwc/terms/occurrenceDetails" type="xs:string"/>
<field index="18" term="http://rs.tdwg.org/dwc/terms/occurrenceRemarks" type="xs:string"/>
<field index="19" term="http://rs.tdwg.org/dwc/terms/recordNumber" type="xs:string"/>
<field index="20" term="http://rs.tdwg.org/dwc/terms/recordedBy" type="xs:string"/>
<field index="21" term="http://rs.tdwg.org/dwc/terms/individualID" type="xs:string"/>
<field index="22" term="http://rs.tdwg.org/dwc/terms/individualCount" type="xs:nonNegativeInteger"/>
<field index="23" term="http://rs.tdwg.org/dwc/terms/sex" type="xs:string"/>
<field index="24" term="http://rs.tdwg.org/dwc/terms/lifeStage" type="xs:string"/>
<field index="25" term="http://rs.tdwg.org/dwc/terms/reproductiveCondition" type="xs:string"/>
<field index="26" term="http://rs.tdwg.org/dwc/terms/behavior" type="xs:string"/>
<field index="27" term="http://rs.tdwg.org/dwc/terms/establishmentMeans" type="xs:string"/>
<field index="28" term="http://rs.tdwg.org/dwc/terms/preparations" type="xs:string"/>
<field index="29" term="http://rs.tdwg.org/dwc/terms/disposition" type="xs:string"/>
<field index="30" term="http://rs.tdwg.org/dwc/terms/otherCatalogNumbers" type="xs:string"/>
<field index="31" term="http://rs.tdwg.org/dwc/terms/previousIdentifications" type="xs:string"/>
<field index="32" term="http://rs.tdwg.org/dwc/terms/associatedMedia" type="xs:string"/>
<field index="33" term="http://rs.tdwg.org/dwc/terms/associatedReferences" type="xs:string"/>
<field index="34" term="http://rs.tdwg.org/dwc/terms/associatedOccurrences" type="xs:string"/>
<field index="35" term="http://rs.tdwg.org/dwc/terms/associatedSequences" type="xs:string"/>
<field index="36" term="http://rs.tdwg.org/dwc/terms/associatedTaxa" type="xs:string"/>

<field index="37" term="http://rs.tdwg.org/dwc/terms/eventID" type="xs:string"/>
<field index="38" term="http://rs.tdwg.org/dwc/terms/samplingProtocol" type="xs:string"/>
<field index="39" term="http://rs.tdwg.org/dwc/terms/verbatimEventDate" type="xs:string"/>
<field index="40" term="http://rs.tdwg.org/dwc/terms/eventDate" type="xs:dateTime"/>
<field index="41" term="http://rs.tdwg.org/dwc/terms/eventTime" type="xs:dateTime"/>
<field index="42" term="http://rs.tdwg.org/dwc/terms/startDayOfYear" type="xs:nonNegativeInteger"/>
<field index="43" term="http://rs.tdwg.org/dwc/terms/endDayOfYear" type="xs:nonNegativeInteger"/>
<field index="44" term="http://rs.tdwg.org/dwc/terms/year" type="xs:nonNegativeInteger"/>
<field index="45" term="http://rs.tdwg.org/dwc/terms/month" type="xs:nonNegativeInteger"/>
<field index="46" term="http://rs.tdwg.org/dwc/terms/day" type="xs:nonNegativeInteger"/>
<field index="47" term="http://rs.tdwg.org/dwc/terms/habitat" type="xs:string"/>
<field index="48" term="http://rs.tdwg.org/dwc/terms/fieldNumber" type="xs:string"/>
<field index="49" term="http://rs.tdwg.org/dwc/terms/fieldNotes" type="xs:string"/>
<field index="50" term="http://rs.tdwg.org/dwc/terms/eventRemarks" type="xs:string"/>

<field index="51" term="http://rs.tdwg.org/dwc/terms/locationID" type="xs:string"/>
<field index="52" term="http://rs.tdwg.org/dwc/terms/higherGeographyID" type="xs:string"/>
<field index="53" term="http://rs.tdwg.org/dwc/terms/higherGeography" type="xs:string"/>
<field index="54" term="http://rs.tdwg.org/dwc/terms/continent" type="xs:string"/>
<field index="55" term="http://rs.tdwg.org/dwc/terms/waterBody" type="xs:string"/>
<field index="56" term="http://rs.tdwg.org/dwc/terms/islandGroup" type="xs:string"/>
<field index="57" term="http://rs.tdwg.org/dwc/terms/island" type="xs:string"/>
<field index="58" term="http://rs.tdwg.org/dwc/terms/country" type="xs:string"/>
<field index="59" term="http://rs.tdwg.org/dwc/terms/countryCode" type="xs:string"/>
<field index="60" term="http://rs.tdwg.org/dwc/terms/stateProvince" type="xs:string"/>
<field index="61" term="http://rs.tdwg.org/dwc/terms/county" type="xs:string"/>
<field index="62" term="http://rs.tdwg.org/dwc/terms/locality" type="xs:string"/>
<field index="63" term="http://rs.tdwg.org/dwc/terms/verbatimLocality" type="xs:string"/>
<field index="64" term="http://rs.tdwg.org/dwc/terms/verbatimElevation" type="xs:string"/>
<field index="65" term="http://rs.tdwg.org/dwc/terms/minimumElevationInMeters" type="xs:double"/>
<field index="66" term="http://rs.tdwg.org/dwc/terms/maximumElevationInMeters" type="xs:double"/>
<field index="67" term="http://rs.tdwg.org/dwc/terms/verbatimDepth" type="xs:string"/>
<field index="68" term="http://rs.tdwg.org/dwc/terms/minimumDepthInMeters" type="xs:double"/>
<field index="69" term="http://rs.tdwg.org/dwc/terms/maximumDepthInMeters" type="xs:double"/>
<field index="70" term="http://rs.tdwg.org/dwc/terms/minimumDistanceAboveSurfaceInMeters" type="xs:double"/>
<field index="71" term="http://rs.tdwg.org/dwc/terms/maximumDistanceAboveSurfaceInMeters" type="xs:double"/>
<field index="72" term="http://rs.tdwg.org/dwc/terms/locationRemarks" type="xs:string"/>
<field index="73" term="http://rs.tdwg.org/dwc/terms/verbatimCoordinates" type="xs:string"/>
<field index="74" term="http://rs.tdwg.org/dwc/terms/verbatimLatitude" type="xs:string"/>
<field index="75" term="http://rs.tdwg.org/dwc/terms/verbatimLongitude" type="xs:string"/>
<field index="76" term="http://rs.tdwg.org/dwc/terms/verbatimCoordinateSystem" type="xs:string"/>
<field index="77" term="http://rs.tdwg.org/dwc/terms/decimalLatitude" type="xs:double"/>
<field index="78" term="http://rs.tdwg.org/dwc/terms/decimalLongitude" type="xs:double"/>
<field index="79" term="http://rs.tdwg.org/dwc/terms/geodeticDatum" type="xs:string"/>
<field index="80" term="http://rs.tdwg.org/dwc/terms/coordinateUncertaintyInMeters" type="xs:double"/>
<field index="81" term="http://rs.tdwg.org/dwc/terms/coordinatePrecision" type="xs:string"/>
<field index="82" term="http://rs.tdwg.org/dwc/terms/pointRadiusSpatialFit" type="xs:double"/>
<field index="83" term="http://rs.tdwg.org/dwc/terms/footprintWKT" type="xs:string"/>
<field index="84" term="http://rs.tdwg.org/dwc/terms/footprintSpatialFit" type="xs:double"/>
<field index="85" term="http://rs.tdwg.org/dwc/terms/georeferencedBy" type="xs:string"/>
<field index="86" term="http://rs.tdwg.org/dwc/terms/georeferenceProtocol" type="xs:string"/>
<field index="87" term="http://rs.tdwg.org/dwc/terms/georeferenceSources" type="xs:string"/>
<field index="88" term="http://rs.tdwg.org/dwc/terms/georeferenceVerificationStatus" type="xs:string"/>
<field index="89" term="http://rs.tdwg.org/dwc/terms/georeferenceRemarks" type="xs:string"/>

<field index="90" term="http://rs.tdwg.org/dwc/terms/identificationID" type="xs:string"/>
<field index="91" term="http://rs.tdwg.org/dwc/terms/identifiedBy" type="xs:string"/>
<field index="92" term="http://rs.tdwg.org/dwc/terms/dateIdentified" type="xs:dateTime"/>
<field index="93" term="http://rs.tdwg.org/dwc/terms/identificationReferences" type="xs:string"/>
<field index="94" term="http://rs.tdwg.org/dwc/terms/identificationRemarks" type="xs:string"/>
<field index="95" term="http://rs.tdwg.org/dwc/terms/identificationQualifier" type="xs:string"/>
<field index="96" term="http://rs.tdwg.org/dwc/terms/typeStatus" type="xs:string"/>

<field index="97" term="http://rs.tdwg.org/dwc/terms/taxonNameID" type="xs:string"/>
<field index="98" term="http://rs.tdwg.org/dwc/terms/acceptedTaxonNameID" type="xs:string"/>
<field index="99" term="http://rs.tdwg.org/dwc/terms/higherTaxonNameID" type="xs:string"/>
<field index="100" term="http://rs.tdwg.org/dwc/terms/basionymID" type="xs:string"/>
<field index="101" term="http://rs.tdwg.org/dwc/terms/scientificName" type="xs:string"/>
<field index="102" term="http://rs.tdwg.org/dwc/terms/acceptedTaxonName" type="xs:string"/>
<field index="103" term="http://rs.tdwg.org/dwc/terms/higherTaxonName" type="xs:string"/>
<field index="104" term="http://rs.tdwg.org/dwc/terms/basionym" type="xs:string"/>
<field index="105" term="http://rs.tdwg.org/dwc/terms/kingdom" type="xs:string"/>
<field index="106" term="http://rs.tdwg.org/dwc/terms/phylum" type="xs:string"/>
<field index="107" term="http://rs.tdwg.org/dwc/terms/class" type="xs:string"/>
<field index="108" term="http://rs.tdwg.org/dwc/terms/order" type="xs:string"/>
<field index="109" term="http://rs.tdwg.org/dwc/terms/family" type="xs:string"/>
<field index="110" term="http://rs.tdwg.org/dwc/terms/genus" type="xs:string"/>
<field index="111" term="http://rs.tdwg.org/dwc/terms/subgenus" type="xs:string"/>
<field index="112" term="http://rs.tdwg.org/dwc/terms/specificEpithet" type="xs:string"/>
<field index="113" term="http://rs.tdwg.org/dwc/terms/infraspecificEpithet" type="xs:string"/>
<field index="114" term="http://rs.tdwg.org/dwc/terms/taxonRank" type="xs:string"/>
<field index="115" term="http://rs.tdwg.org/dwc/terms/scientificNameAuthorship" type="xs:string"/>
<field index="116" term="http://rs.tdwg.org/dwc/terms/nomenclaturalCode" type="xs:string"/>
<field index="117" term="http://rs.tdwg.org/dwc/terms/namePublicationID" type="xs:string"/>
<field index="118" term="http://rs.tdwg.org/dwc/terms/namePublishedIn" type="xs:string"/>
<field index="119" term="http://rs.tdwg.org/dwc/terms/taxonomicStatus" type="xs:string"/>
<field index="120" term="http://rs.tdwg.org/dwc/terms/nomenclaturalStatus" type="xs:string"/>
<field index="121" term="http://rs.tdwg.org/dwc/terms/taxonRemarks" type="xs:string"/>
<field index="122" term="http://rs.tdwg.org/dwc/terms/taxonConceptID" type="xs:string"/>
<field index="123" term="http://rs.tdwg.org/dwc/terms/taxonAccordingTo" type="xs:string"/>

	</file>
</archive>